-- =====================================================
-- Migration 058 — Fase 3: Vesting
-- Planos, Grants, Schedules trimestrais
-- Data: 2026-03-16
-- =====================================================

SET @cli  = 'DEMO0001-0000-4000-A000-000000000001';
SET @co1  = 'DEMO0001-0000-4000-A000-000000000010'; -- InovaTech
SET @co2  = 'DEMO0001-0000-4000-A000-000000000020'; -- VidaSaúde
SET @co3  = 'DEMO0001-0000-4000-A000-000000000030'; -- FinanGrow
SET @u01  = 'DEMO0001-0000-4000-A000-000000000101'; -- Carlos Silva
SET @u06  = 'DEMO0001-0000-4000-A000-000000000106'; -- Gabriel Sousa (HR)
SET @u07  = 'DEMO0001-0000-4000-A000-000000000107'; -- João Ferreira
SET @u09  = 'DEMO0001-0000-4000-A000-000000000109'; -- Pedro Alves

-- Shareholders (from Fase 2)
SET @sh1_carlos  = 'DEMO0003-0000-4000-A000-000000000101';
SET @sh1_ana     = 'DEMO0003-0000-4000-A000-000000000102';
SET @sh1_roberto = 'DEMO0003-0000-4000-A000-000000000106'; -- novo
SET @sh2_joao    = 'DEMO0003-0000-4000-A000-000000000201';
SET @sh2_mariana = 'DEMO0003-0000-4000-A000-000000000202';
SET @sh3_pedro   = 'DEMO0003-0000-4000-A000-000000000301';
SET @sh3_lucia   = 'DEMO0003-0000-4000-A000-000000000302';

-- Shareholder para Roberto Lima (funcionário InovaTech)
INSERT IGNORE INTO shareholders
    (id, client_id, company_id, name, document, document_type, email, phone,
     type, status, address_street, address_number, address_city, address_state,
     address_zip_code, tag_along, drag_along, shareholders_agreement,
     right_of_first_refusal, created_by, updated_by)
VALUES
(@sh1_roberto, @cli, @co1, 'Roberto Lima', '78901234567', 'cpf',
 'roberto.lima@inovatech.com.br', '+55 11 99001-0003',
 'Employee', 'Active', 'Avenida Paulista', '1374', 'São Paulo', 'SP', '01310100',
 0, 0, 0, 0, @u01, @u01);

-- =====================================================
-- VESTING PLAN UUIDs
-- =====================================================
SET @vp1 = 'DEMO0006-0000-4000-A000-000000000001'; -- IT Fundadores (48m/12 cliff)
SET @vp2 = 'DEMO0006-0000-4000-A000-000000000002'; -- IT ESOP (48m/6 cliff)
SET @vp3 = 'DEMO0006-0000-4000-A000-000000000003'; -- VS Fundadores (48m/12 cliff)
SET @vp4 = 'DEMO0006-0000-4000-A000-000000000004'; -- VS ESOP (36m/6 cliff)
SET @vp5 = 'DEMO0006-0000-4000-A000-000000000005'; -- FG Fundadores (48m/6 cliff)

-- VESTING GRANT UUIDs
SET @vg1 = 'DEMO0007-0000-4000-A000-000000000001'; -- Carlos
SET @vg2 = 'DEMO0007-0000-4000-A000-000000000002'; -- Ana
SET @vg3 = 'DEMO0007-0000-4000-A000-000000000003'; -- Roberto
SET @vg4 = 'DEMO0007-0000-4000-A000-000000000004'; -- João
SET @vg5 = 'DEMO0007-0000-4000-A000-000000000005'; -- Mariana
SET @vg6 = 'DEMO0007-0000-4000-A000-000000000006'; -- Pedro
SET @vg7 = 'DEMO0007-0000-4000-A000-000000000007'; -- Lúcia

-- =====================================================
-- 1. VESTING PLANS
-- =====================================================
INSERT IGNORE INTO vesting_plans
    (id, client_id, company_id, name, description, vesting_type,
     cliff_months, vesting_months, total_equity_percentage,
     status, activated_at, activated_by, created_by, updated_by)
VALUES
(@vp1, @cli, @co1, 'Plano Fundadores InovaTech',
 'Vesting linear 4 anos com cliff de 1 ano — alinhado ao SHA Series A',
 'TimeBasedLinear', 12, 48, 10.0000,
 'Active', '2022-01-01 00:00:00', @u01, @u01, @u01),
(@vp2, @cli, @co1, 'Plano ESOP InovaTech',
 'Pool de opções para funcionários-chave — 6 meses cliff, 4 anos linear',
 'TimeBasedLinear', 6, 48, 5.0000,
 'Active', '2024-01-01 00:00:00', @u01, @u01, @u01),
(@vp3, @cli, @co2, 'Plano Fundadores VidaSaúde',
 'Vesting linear 4 anos com cliff de 1 ano — exigência do investidor',
 'TimeBasedLinear', 12, 48, 8.0000,
 'Active', '2021-06-01 00:00:00', @u07, @u07, @u07),
(@vp4, @cli, @co2, 'Plano ESOP VidaSaúde',
 'Pool de opções para equipe técnica de saúde — 36 meses',
 'TimeBasedLinear', 6, 36, 10.0000,
 'Active', '2021-06-01 00:00:00', @u07, @u07, @u07),
(@vp5, @cli, @co3, 'Plano Fundadores FinanGrow',
 'Vesting híbrido 4 anos com cliff de 6 meses — fundadores e early team',
 'HybridTimeMilestone', 6, 48, 12.0000,
 'Active', '2022-11-01 00:00:00', @u09, @u09, @u09);

-- =====================================================
-- 2. VESTING GRANTS
-- =====================================================
INSERT IGNORE INTO vesting_grants
    (id, client_id, vesting_plan_id, shareholder_id, company_id,
     grant_date, total_shares, share_price, equity_percentage,
     vesting_start_date, vesting_end_date, cliff_date,
     status, vested_shares, exercised_shares,
     approved_at, approved_by, notes, created_by, updated_by)
VALUES
(@vg1, @cli, @vp1, @sh1_carlos, @co1,
 '2022-01-01', 1000000, 0.1000, 10.0000,
 '2022-01-01', '2026-01-01', '2023-01-01',
 'Active', 1000000, 0, '2022-01-15 10:00:00', @u01,
 'Grant inicial fundador. Aprovado no SHA 2022.', @u01, @u01),
(@vg2, @cli, @vp1, @sh1_ana, @co1,
 '2022-01-01', 1000000, 0.1000, 10.0000,
 '2022-01-01', '2026-01-01', '2023-01-01',
 'Active', 1000000, 0, '2022-01-15 10:00:00', @u01,
 'Grant inicial co-fundadora. Aprovado no SHA 2022.', @u01, @u01),
(@vg3, @cli, @vp2, @sh1_roberto, @co1,
 '2024-01-01', 200000, 3.5000, 2.0000,
 '2024-01-01', '2028-01-01', '2024-07-01',
 'Active', 100000, 0, '2024-01-10 09:00:00', @u01,
 'Grant ESOP Engenheiro Sênior — contratado Jan 2024.', @u06, @u01),
(@vg4, @cli, @vp3, @sh2_joao, @co2,
 '2021-06-01', 500000, 0.1000, 10.0000,
 '2021-06-01', '2025-06-01', '2022-06-01',
 'Active', 500000, 0, '2021-06-15 10:00:00', @u07,
 'Grant fundador VidaSaúde.', @u07, @u07),
(@vg5, @cli, @vp3, @sh2_mariana, @co2,
 '2021-06-01', 300000, 0.1000, 6.0000,
 '2021-06-01', '2025-06-01', '2022-06-01',
 'Active', 300000, 0, '2021-06-15 10:00:00', @u07,
 'Grant co-fundadora VidaSaúde.', @u07, @u07),
(@vg6, @cli, @vp5, @sh3_pedro, @co3,
 '2022-11-01', 200000, 0.1000, 12.0000,
 '2022-11-01', '2026-11-01', '2023-05-01',
 'Active', 162500, 0, '2022-11-15 10:00:00', @u09,
 'Grant fundador FinanGrow.', @u09, @u09),
(@vg7, @cli, @vp5, @sh3_lucia, @co3,
 '2022-11-01', 150000, 0.1000, 9.0000,
 '2022-11-01', '2026-11-01', '2023-05-01',
 'Active', 121875, 0, '2022-11-15 10:00:00', @u09,
 'Grant co-fundadora FinanGrow.', @u09, @u09);

-- =====================================================
-- 3. VESTING SCHEDULES (trimestrais)
-- =====================================================

-- Grant 1 — Carlos Silva (13 períodos, todos Vested)
INSERT IGNORE INTO vesting_schedules
    (id, client_id, vesting_grant_id, company_id, period_number,
     schedule_date, shares_to_vest, cumulative_shares, percentage_to_vest,
     status, vested_at, created_by, updated_by)
VALUES
('DEMO0008-0001-4000-A000-000000000001',@cli,@vg1,@co1,1, '2023-01-01',250000, 250000,25.0000,'Vested','2023-01-01 00:00:00',@u01,@u01),
('DEMO0008-0001-4000-A000-000000000002',@cli,@vg1,@co1,2, '2023-04-01', 62500, 312500, 6.2500,'Vested','2023-04-01 00:00:00',@u01,@u01),
('DEMO0008-0001-4000-A000-000000000003',@cli,@vg1,@co1,3, '2023-07-01', 62500, 375000, 6.2500,'Vested','2023-07-01 00:00:00',@u01,@u01),
('DEMO0008-0001-4000-A000-000000000004',@cli,@vg1,@co1,4, '2023-10-01', 62500, 437500, 6.2500,'Vested','2023-10-01 00:00:00',@u01,@u01),
('DEMO0008-0001-4000-A000-000000000005',@cli,@vg1,@co1,5, '2024-01-01', 62500, 500000, 6.2500,'Vested','2024-01-01 00:00:00',@u01,@u01),
('DEMO0008-0001-4000-A000-000000000006',@cli,@vg1,@co1,6, '2024-04-01', 62500, 562500, 6.2500,'Vested','2024-04-01 00:00:00',@u01,@u01),
('DEMO0008-0001-4000-A000-000000000007',@cli,@vg1,@co1,7, '2024-07-01', 62500, 625000, 6.2500,'Vested','2024-07-01 00:00:00',@u01,@u01),
('DEMO0008-0001-4000-A000-000000000008',@cli,@vg1,@co1,8, '2024-10-01', 62500, 687500, 6.2500,'Vested','2024-10-01 00:00:00',@u01,@u01),
('DEMO0008-0001-4000-A000-000000000009',@cli,@vg1,@co1,9, '2025-01-01', 62500, 750000, 6.2500,'Vested','2025-01-01 00:00:00',@u01,@u01),
('DEMO0008-0001-4000-A000-000000000010',@cli,@vg1,@co1,10,'2025-04-01', 62500, 812500, 6.2500,'Vested','2025-04-01 00:00:00',@u01,@u01),
('DEMO0008-0001-4000-A000-000000000011',@cli,@vg1,@co1,11,'2025-07-01', 62500, 875000, 6.2500,'Vested','2025-07-01 00:00:00',@u01,@u01),
('DEMO0008-0001-4000-A000-000000000012',@cli,@vg1,@co1,12,'2025-10-01', 62500, 937500, 6.2500,'Vested','2025-10-01 00:00:00',@u01,@u01),
('DEMO0008-0001-4000-A000-000000000013',@cli,@vg1,@co1,13,'2026-01-01', 62500,1000000, 6.2500,'Vested','2026-01-01 00:00:00',@u01,@u01);

-- Grant 2 — Ana Santos (13 períodos, todos Vested)
INSERT IGNORE INTO vesting_schedules
    (id, client_id, vesting_grant_id, company_id, period_number,
     schedule_date, shares_to_vest, cumulative_shares, percentage_to_vest,
     status, vested_at, created_by, updated_by)
VALUES
('DEMO0008-0002-4000-A000-000000000001',@cli,@vg2,@co1,1, '2023-01-01',250000, 250000,25.0000,'Vested','2023-01-01 00:00:00',@u01,@u01),
('DEMO0008-0002-4000-A000-000000000002',@cli,@vg2,@co1,2, '2023-04-01', 62500, 312500, 6.2500,'Vested','2023-04-01 00:00:00',@u01,@u01),
('DEMO0008-0002-4000-A000-000000000003',@cli,@vg2,@co1,3, '2023-07-01', 62500, 375000, 6.2500,'Vested','2023-07-01 00:00:00',@u01,@u01),
('DEMO0008-0002-4000-A000-000000000004',@cli,@vg2,@co1,4, '2023-10-01', 62500, 437500, 6.2500,'Vested','2023-10-01 00:00:00',@u01,@u01),
('DEMO0008-0002-4000-A000-000000000005',@cli,@vg2,@co1,5, '2024-01-01', 62500, 500000, 6.2500,'Vested','2024-01-01 00:00:00',@u01,@u01),
('DEMO0008-0002-4000-A000-000000000006',@cli,@vg2,@co1,6, '2024-04-01', 62500, 562500, 6.2500,'Vested','2024-04-01 00:00:00',@u01,@u01),
('DEMO0008-0002-4000-A000-000000000007',@cli,@vg2,@co1,7, '2024-07-01', 62500, 625000, 6.2500,'Vested','2024-07-01 00:00:00',@u01,@u01),
('DEMO0008-0002-4000-A000-000000000008',@cli,@vg2,@co1,8, '2024-10-01', 62500, 687500, 6.2500,'Vested','2024-10-01 00:00:00',@u01,@u01),
('DEMO0008-0002-4000-A000-000000000009',@cli,@vg2,@co1,9, '2025-01-01', 62500, 750000, 6.2500,'Vested','2025-01-01 00:00:00',@u01,@u01),
('DEMO0008-0002-4000-A000-000000000010',@cli,@vg2,@co1,10,'2025-04-01', 62500, 812500, 6.2500,'Vested','2025-04-01 00:00:00',@u01,@u01),
('DEMO0008-0002-4000-A000-000000000011',@cli,@vg2,@co1,11,'2025-07-01', 62500, 875000, 6.2500,'Vested','2025-07-01 00:00:00',@u01,@u01),
('DEMO0008-0002-4000-A000-000000000012',@cli,@vg2,@co1,12,'2025-10-01', 62500, 937500, 6.2500,'Vested','2025-10-01 00:00:00',@u01,@u01),
('DEMO0008-0002-4000-A000-000000000013',@cli,@vg2,@co1,13,'2026-01-01', 62500,1000000, 6.2500,'Vested','2026-01-01 00:00:00',@u01,@u01);

-- Grant 3 — Roberto Lima ESOP (7 Vested + 8 Pending)
INSERT IGNORE INTO vesting_schedules
    (id, client_id, vesting_grant_id, company_id, period_number,
     schedule_date, shares_to_vest, cumulative_shares, percentage_to_vest,
     status, vested_at, created_by, updated_by)
VALUES
('DEMO0008-0003-4000-A000-000000000001',@cli,@vg3,@co1,1, '2024-07-01',25000, 25000,12.5000,'Vested','2024-07-01 00:00:00',@u06,@u06),
('DEMO0008-0003-4000-A000-000000000002',@cli,@vg3,@co1,2, '2024-10-01',12500, 37500, 6.2500,'Vested','2024-10-01 00:00:00',@u06,@u06),
('DEMO0008-0003-4000-A000-000000000003',@cli,@vg3,@co1,3, '2025-01-01',12500, 50000, 6.2500,'Vested','2025-01-01 00:00:00',@u06,@u06),
('DEMO0008-0003-4000-A000-000000000004',@cli,@vg3,@co1,4, '2025-04-01',12500, 62500, 6.2500,'Vested','2025-04-01 00:00:00',@u06,@u06),
('DEMO0008-0003-4000-A000-000000000005',@cli,@vg3,@co1,5, '2025-07-01',12500, 75000, 6.2500,'Vested','2025-07-01 00:00:00',@u06,@u06),
('DEMO0008-0003-4000-A000-000000000006',@cli,@vg3,@co1,6, '2025-10-01',12500, 87500, 6.2500,'Vested','2025-10-01 00:00:00',@u06,@u06),
('DEMO0008-0003-4000-A000-000000000007',@cli,@vg3,@co1,7, '2026-01-01',12500,100000, 6.2500,'Vested','2026-01-01 00:00:00',@u06,@u06),
('DEMO0008-0003-4000-A000-000000000008',@cli,@vg3,@co1,8, '2026-04-01',12500,112500, 6.2500,'Pending',NULL,@u06,@u06),
('DEMO0008-0003-4000-A000-000000000009',@cli,@vg3,@co1,9, '2026-07-01',12500,125000, 6.2500,'Pending',NULL,@u06,@u06),
('DEMO0008-0003-4000-A000-000000000010',@cli,@vg3,@co1,10,'2026-10-01',12500,137500, 6.2500,'Pending',NULL,@u06,@u06),
('DEMO0008-0003-4000-A000-000000000011',@cli,@vg3,@co1,11,'2027-01-01',12500,150000, 6.2500,'Pending',NULL,@u06,@u06),
('DEMO0008-0003-4000-A000-000000000012',@cli,@vg3,@co1,12,'2027-04-01',12500,162500, 6.2500,'Pending',NULL,@u06,@u06),
('DEMO0008-0003-4000-A000-000000000013',@cli,@vg3,@co1,13,'2027-07-01',12500,175000, 6.2500,'Pending',NULL,@u06,@u06),
('DEMO0008-0003-4000-A000-000000000014',@cli,@vg3,@co1,14,'2027-10-01',12500,187500, 6.2500,'Pending',NULL,@u06,@u06),
('DEMO0008-0003-4000-A000-000000000015',@cli,@vg3,@co1,15,'2028-01-01',12500,200000, 6.2500,'Pending',NULL,@u06,@u06);

-- Grant 4 — João Ferreira VS (13 períodos, todos Vested)
INSERT IGNORE INTO vesting_schedules
    (id, client_id, vesting_grant_id, company_id, period_number,
     schedule_date, shares_to_vest, cumulative_shares, percentage_to_vest,
     status, vested_at, created_by, updated_by)
VALUES
('DEMO0008-0004-4000-A000-000000000001',@cli,@vg4,@co2,1, '2022-06-01',125000, 125000,25.0000,'Vested','2022-06-01 00:00:00',@u07,@u07),
('DEMO0008-0004-4000-A000-000000000002',@cli,@vg4,@co2,2, '2022-09-01', 31250, 156250, 6.2500,'Vested','2022-09-01 00:00:00',@u07,@u07),
('DEMO0008-0004-4000-A000-000000000003',@cli,@vg4,@co2,3, '2022-12-01', 31250, 187500, 6.2500,'Vested','2022-12-01 00:00:00',@u07,@u07),
('DEMO0008-0004-4000-A000-000000000004',@cli,@vg4,@co2,4, '2023-03-01', 31250, 218750, 6.2500,'Vested','2023-03-01 00:00:00',@u07,@u07),
('DEMO0008-0004-4000-A000-000000000005',@cli,@vg4,@co2,5, '2023-06-01', 31250, 250000, 6.2500,'Vested','2023-06-01 00:00:00',@u07,@u07),
('DEMO0008-0004-4000-A000-000000000006',@cli,@vg4,@co2,6, '2023-09-01', 31250, 281250, 6.2500,'Vested','2023-09-01 00:00:00',@u07,@u07),
('DEMO0008-0004-4000-A000-000000000007',@cli,@vg4,@co2,7, '2023-12-01', 31250, 312500, 6.2500,'Vested','2023-12-01 00:00:00',@u07,@u07),
('DEMO0008-0004-4000-A000-000000000008',@cli,@vg4,@co2,8, '2024-03-01', 31250, 343750, 6.2500,'Vested','2024-03-01 00:00:00',@u07,@u07),
('DEMO0008-0004-4000-A000-000000000009',@cli,@vg4,@co2,9, '2024-06-01', 31250, 375000, 6.2500,'Vested','2024-06-01 00:00:00',@u07,@u07),
('DEMO0008-0004-4000-A000-000000000010',@cli,@vg4,@co2,10,'2024-09-01', 31250, 406250, 6.2500,'Vested','2024-09-01 00:00:00',@u07,@u07),
('DEMO0008-0004-4000-A000-000000000011',@cli,@vg4,@co2,11,'2024-12-01', 31250, 437500, 6.2500,'Vested','2024-12-01 00:00:00',@u07,@u07),
('DEMO0008-0004-4000-A000-000000000012',@cli,@vg4,@co2,12,'2025-03-01', 31250, 468750, 6.2500,'Vested','2025-03-01 00:00:00',@u07,@u07),
('DEMO0008-0004-4000-A000-000000000013',@cli,@vg4,@co2,13,'2025-06-01', 31250, 500000, 6.2500,'Vested','2025-06-01 00:00:00',@u07,@u07);

-- Grant 5 — Mariana Oliveira VS (13 períodos, todos Vested)
INSERT IGNORE INTO vesting_schedules
    (id, client_id, vesting_grant_id, company_id, period_number,
     schedule_date, shares_to_vest, cumulative_shares, percentage_to_vest,
     status, vested_at, created_by, updated_by)
VALUES
('DEMO0008-0005-4000-A000-000000000001',@cli,@vg5,@co2,1, '2022-06-01', 75000,  75000,25.0000,'Vested','2022-06-01 00:00:00',@u07,@u07),
('DEMO0008-0005-4000-A000-000000000002',@cli,@vg5,@co2,2, '2022-09-01', 18750,  93750, 6.2500,'Vested','2022-09-01 00:00:00',@u07,@u07),
('DEMO0008-0005-4000-A000-000000000003',@cli,@vg5,@co2,3, '2022-12-01', 18750, 112500, 6.2500,'Vested','2022-12-01 00:00:00',@u07,@u07),
('DEMO0008-0005-4000-A000-000000000004',@cli,@vg5,@co2,4, '2023-03-01', 18750, 131250, 6.2500,'Vested','2023-03-01 00:00:00',@u07,@u07),
('DEMO0008-0005-4000-A000-000000000005',@cli,@vg5,@co2,5, '2023-06-01', 18750, 150000, 6.2500,'Vested','2023-06-01 00:00:00',@u07,@u07),
('DEMO0008-0005-4000-A000-000000000006',@cli,@vg5,@co2,6, '2023-09-01', 18750, 168750, 6.2500,'Vested','2023-09-01 00:00:00',@u07,@u07),
('DEMO0008-0005-4000-A000-000000000007',@cli,@vg5,@co2,7, '2023-12-01', 18750, 187500, 6.2500,'Vested','2023-12-01 00:00:00',@u07,@u07),
('DEMO0008-0005-4000-A000-000000000008',@cli,@vg5,@co2,8, '2024-03-01', 18750, 206250, 6.2500,'Vested','2024-03-01 00:00:00',@u07,@u07),
('DEMO0008-0005-4000-A000-000000000009',@cli,@vg5,@co2,9, '2024-06-01', 18750, 225000, 6.2500,'Vested','2024-06-01 00:00:00',@u07,@u07),
('DEMO0008-0005-4000-A000-000000000010',@cli,@vg5,@co2,10,'2024-09-01', 18750, 243750, 6.2500,'Vested','2024-09-01 00:00:00',@u07,@u07),
('DEMO0008-0005-4000-A000-000000000011',@cli,@vg5,@co2,11,'2024-12-01', 18750, 262500, 6.2500,'Vested','2024-12-01 00:00:00',@u07,@u07),
('DEMO0008-0005-4000-A000-000000000012',@cli,@vg5,@co2,12,'2025-03-01', 18750, 281250, 6.2500,'Vested','2025-03-01 00:00:00',@u07,@u07),
('DEMO0008-0005-4000-A000-000000000013',@cli,@vg5,@co2,13,'2025-06-01', 18750, 300000, 6.2500,'Vested','2025-06-01 00:00:00',@u07,@u07);

-- Grant 6 — Pedro Alves FG (12 Vested + 3 Pending)
INSERT IGNORE INTO vesting_schedules
    (id, client_id, vesting_grant_id, company_id, period_number,
     schedule_date, shares_to_vest, cumulative_shares, percentage_to_vest,
     status, vested_at, created_by, updated_by)
VALUES
('DEMO0008-0006-4000-A000-000000000001',@cli,@vg6,@co3,1, '2023-05-01',25000, 25000,12.5000,'Vested','2023-05-01 00:00:00',@u09,@u09),
('DEMO0008-0006-4000-A000-000000000002',@cli,@vg6,@co3,2, '2023-08-01',12500, 37500, 6.2500,'Vested','2023-08-01 00:00:00',@u09,@u09),
('DEMO0008-0006-4000-A000-000000000003',@cli,@vg6,@co3,3, '2023-11-01',12500, 50000, 6.2500,'Vested','2023-11-01 00:00:00',@u09,@u09),
('DEMO0008-0006-4000-A000-000000000004',@cli,@vg6,@co3,4, '2024-02-01',12500, 62500, 6.2500,'Vested','2024-02-01 00:00:00',@u09,@u09),
('DEMO0008-0006-4000-A000-000000000005',@cli,@vg6,@co3,5, '2024-05-01',12500, 75000, 6.2500,'Vested','2024-05-01 00:00:00',@u09,@u09),
('DEMO0008-0006-4000-A000-000000000006',@cli,@vg6,@co3,6, '2024-08-01',12500, 87500, 6.2500,'Vested','2024-08-01 00:00:00',@u09,@u09),
('DEMO0008-0006-4000-A000-000000000007',@cli,@vg6,@co3,7, '2024-11-01',12500,100000, 6.2500,'Vested','2024-11-01 00:00:00',@u09,@u09),
('DEMO0008-0006-4000-A000-000000000008',@cli,@vg6,@co3,8, '2025-02-01',12500,112500, 6.2500,'Vested','2025-02-01 00:00:00',@u09,@u09),
('DEMO0008-0006-4000-A000-000000000009',@cli,@vg6,@co3,9, '2025-05-01',12500,125000, 6.2500,'Vested','2025-05-01 00:00:00',@u09,@u09),
('DEMO0008-0006-4000-A000-000000000010',@cli,@vg6,@co3,10,'2025-08-01',12500,137500, 6.2500,'Vested','2025-08-01 00:00:00',@u09,@u09),
('DEMO0008-0006-4000-A000-000000000011',@cli,@vg6,@co3,11,'2025-11-01',12500,150000, 6.2500,'Vested','2025-11-01 00:00:00',@u09,@u09),
('DEMO0008-0006-4000-A000-000000000012',@cli,@vg6,@co3,12,'2026-02-01',12500,162500, 6.2500,'Vested','2026-02-01 00:00:00',@u09,@u09),
('DEMO0008-0006-4000-A000-000000000013',@cli,@vg6,@co3,13,'2026-05-01',12500,175000, 6.2500,'Pending',NULL,@u09,@u09),
('DEMO0008-0006-4000-A000-000000000014',@cli,@vg6,@co3,14,'2026-08-01',12500,187500, 6.2500,'Pending',NULL,@u09,@u09),
('DEMO0008-0006-4000-A000-000000000015',@cli,@vg6,@co3,15,'2026-11-01',12500,200000, 6.2500,'Pending',NULL,@u09,@u09);

-- Grant 7 — Lúcia Mendes FG (12 Vested + 3 Pending)
INSERT IGNORE INTO vesting_schedules
    (id, client_id, vesting_grant_id, company_id, period_number,
     schedule_date, shares_to_vest, cumulative_shares, percentage_to_vest,
     status, vested_at, created_by, updated_by)
VALUES
('DEMO0008-0007-4000-A000-000000000001',@cli,@vg7,@co3,1, '2023-05-01',18750, 18750,12.5000,'Vested','2023-05-01 00:00:00',@u09,@u09),
('DEMO0008-0007-4000-A000-000000000002',@cli,@vg7,@co3,2, '2023-08-01', 9375, 28125, 6.2500,'Vested','2023-08-01 00:00:00',@u09,@u09),
('DEMO0008-0007-4000-A000-000000000003',@cli,@vg7,@co3,3, '2023-11-01', 9375, 37500, 6.2500,'Vested','2023-11-01 00:00:00',@u09,@u09),
('DEMO0008-0007-4000-A000-000000000004',@cli,@vg7,@co3,4, '2024-02-01', 9375, 46875, 6.2500,'Vested','2024-02-01 00:00:00',@u09,@u09),
('DEMO0008-0007-4000-A000-000000000005',@cli,@vg7,@co3,5, '2024-05-01', 9375, 56250, 6.2500,'Vested','2024-05-01 00:00:00',@u09,@u09),
('DEMO0008-0007-4000-A000-000000000006',@cli,@vg7,@co3,6, '2024-08-01', 9375, 65625, 6.2500,'Vested','2024-08-01 00:00:00',@u09,@u09),
('DEMO0008-0007-4000-A000-000000000007',@cli,@vg7,@co3,7, '2024-11-01', 9375, 75000, 6.2500,'Vested','2024-11-01 00:00:00',@u09,@u09),
('DEMO0008-0007-4000-A000-000000000008',@cli,@vg7,@co3,8, '2025-02-01', 9375, 84375, 6.2500,'Vested','2025-02-01 00:00:00',@u09,@u09),
('DEMO0008-0007-4000-A000-000000000009',@cli,@vg7,@co3,9, '2025-05-01', 9375, 93750, 6.2500,'Vested','2025-05-01 00:00:00',@u09,@u09),
('DEMO0008-0007-4000-A000-000000000010',@cli,@vg7,@co3,10,'2025-08-01', 9375,103125, 6.2500,'Vested','2025-08-01 00:00:00',@u09,@u09),
('DEMO0008-0007-4000-A000-000000000011',@cli,@vg7,@co3,11,'2025-11-01', 9375,112500, 6.2500,'Vested','2025-11-01 00:00:00',@u09,@u09),
('DEMO0008-0007-4000-A000-000000000012',@cli,@vg7,@co3,12,'2026-02-01', 9375,121875, 6.2500,'Vested','2026-02-01 00:00:00',@u09,@u09),
('DEMO0008-0007-4000-A000-000000000013',@cli,@vg7,@co3,13,'2026-05-01', 9375,131250, 6.2500,'Pending',NULL,@u09,@u09),
('DEMO0008-0007-4000-A000-000000000014',@cli,@vg7,@co3,14,'2026-08-01', 9375,140625, 6.2500,'Pending',NULL,@u09,@u09),
('DEMO0008-0007-4000-A000-000000000015',@cli,@vg7,@co3,15,'2026-11-01', 9375,150000, 6.2500,'Pending',NULL,@u09,@u09);

-- Migration 058 Fase 3 Vesting — fim
SET @u01  = 'DEMO0001-0000-4000-A000-000000000101'; -- Carlos Silva